passenger_first_name,passenger_last_name,flight_number,check_in_datetime
Jesse,Hudson,3349,2025-01-23 09:25:36.864538
Jesse,Hudson,7779,2025-01-30 01:45:04.727743
John,Barber,1355,2025-01-25 15:50:31.098278
John,Barber,2029,2025-01-23 19:18:29.727155
Denise,Mendez,4286,2025-01-09 20:33:46.749016
Denise,Mendez,1224,2025-01-20 21:58:36.539329
Lori,Fernandez,4063,2025-01-14 02:52:12.745956
Lori,Fernandez,6070,2025-01-29 15:36:26.673399
Lori,Fernandez,7921,2025-01-30 05:42:12.126059
Ryan,Brady,1520,2025-01-16 19:10:47.841280
Ryan,Brady,334,2025-01-13 22:00:51.043382
Ryan,Brady,2816,2025-01-25 20:52:25.121314
Megan,Kramer,9677,2025-01-26 08:44:54.488418
Megan,Kramer,7239,2025-01-19 06:57:35.256972
Eric,Arnold,4286,2025-01-07 03:11:38.091847
Eric,Arnold,9961,2025-01-20 03:14:41.918430
Eric,Arnold,4063,2025-01-02 05:28:20.634488
Kelly,Carter,334,2025-01-24 01:33:37.579363
Carrie,Costa,4528,2025-01-21 01:38:48.095190
Carrie,Costa,8687,2025-01-22 14:57:05.189581
Michael,Hutchinson,9048,2025-01-19 18:34:12.142828
Michael,Kim,7591,2025-01-19 12:46:15.450939
Alyssa,Collins,8832,2025-01-04 22:44:35.370446
Alyssa,Collins,5454,2025-01-20 05:27:48.688408
Brenda,Ray,3349,2025-01-24 23:21:41.325066
Brenda,Ray,2672,2025-01-10 04:57:54.611487
Brenda,Ray,2816,2025-01-27 17:56:59.260345
Angela,Jensen,7591,2025-01-08 08:51:30.401453
Maureen,Roach,9048,2025-01-19 09:25:30.738435
Maureen,Roach,2989,2025-01-20 04:15:42.212362
Shannon,Berg,7313,2025-01-02 08:50:38.033216
Sarah,Mckenzie,8648,2025-01-02 12:54:17.796327
Donald,Santiago,8832,2025-01-11 09:39:16.407223
Christina,Benson,7239,2025-01-10 06:35:29.839602
Christopher,Tran,5790,2025-01-27 20:46:31.026775
Christopher,Tran,4286,2025-01-11 19:39:46.741447
Christopher,Tran,2893,2025-01-02 22:16:26.521387
Leon,Jones,4286,2025-01-28 05:02:26.884924
Whitney,Copeland,7591,2025-01-04 23:27:30.908895
Rebecca,Wong,5790,2025-01-13 15:42:42.860957
Mark,Santiago,8297,2025-01-21 15:18:09.426007
Mark,Santiago,1225,2025-01-10 09:01:41.757441
Mark,Santiago,705,2025-01-21 05:20:27.155914
Sonya,Lawson,1224,2025-01-15 12:50:26.065434
Maria,Washington,9915,2025-01-09 01:58:33.319933
Melissa,Rios,2012,2025-01-29 09:19:59.772856
Melissa,Rios,5146,2025-01-22 10:50:16.267716
Melissa,Rios,2672,2025-01-05 21:06:14.861675
Kelly,Lin,3349,2025-01-27 18:41:54.592318
Kelly,Lin,7239,2025-01-18 21:17:47.349416
Kelly,Lin,9754,2025-01-22 14:53:30.711798
Sharon,Tucker,9915,2025-01-17 04:10:48.848858
Sharon,Tucker,5790,2025-01-25 03:09:14.286007
Sharon,Tucker,7779,2025-01-15 18:48:54.084556
Caroline,Carroll,4286,2025-01-25 20:56:58.308799
Emily,Hernandez,2989,2025-01-23 20:59:13.262156
Emily,Hernandez,1520,2025-01-17 12:22:07.278936
Emily,Hernandez,1520,2025-01-21 22:03:07.059965
James,Drake,2029,2025-01-27 16:32:59.532647
James,Drake,7239,2025-01-26 19:55:30.176043
James,Drake,4528,2025-01-11 17:16:22.880672
Rachel,Mathews,3349,2025-01-28 06:29:41.735599
Shawn,Camacho,9708,2025-01-07 00:35:45.176181
Shawn,Camacho,7339,2025-01-02 23:54:23.716447
Shawn,Camacho,5454,2025-01-18 21:50:30.508228
Nicole,Austin,9754,2025-01-20 12:48:49.717591
Peter,Larson,9708,2025-01-10 18:40:18.972193
Peter,Larson,4936,2025-01-17 03:52:11.577329
Deborah,Wheeler,4528,2025-01-22 11:41:58.375522
Deborah,Wheeler,334,2025-01-22 20:00:25.388115
Deborah,Wheeler,7779,2025-01-03 01:38:23.242082
Timothy,Henderson,9028,2025-01-21 03:00:41.788317
Timothy,Henderson,8832,2025-01-19 12:52:49.145958
Natasha,Pugh,1224,2025-01-22 14:41:38.487710
Emily,Scott,8687,2025-01-01 12:35:51.723589
Emily,Scott,6169,2025-01-02 01:06:42.043811
Emily,Scott,2012,2025-01-03 00:36:18.389756
Wesley,Salazar,334,2025-01-01 09:29:06.922335
Seth,Johnson,7779,2025-01-08 06:04:30.052499
Seth,Johnson,8648,2025-01-08 09:15:54.481931
Julie,Prince,5790,2025-01-19 10:13:11.862030
Philip,Johnson,7779,2025-01-23 21:57:30.216163
Philip,Johnson,5790,2025-01-29 03:43:22.301911
Philip,Johnson,7921,2025-01-16 11:18:43.735697
Whitney,Taylor,8832,2025-01-13 15:01:02.095006
Whitney,Taylor,9754,2025-01-07 04:10:19.434560
Whitney,Taylor,6169,2025-01-17 16:53:04.835581
Margaret,Gordon,7313,2025-01-16 15:58:16.812853
Margaret,Gordon,4528,2025-01-11 07:31:09.172975
Elizabeth,Prince,9961,2025-01-10 09:48:07.315824
Ashley,Lucas,8832,2025-01-17 10:02:08.311257
Ashley,Lucas,7239,2025-01-10 01:24:20.108372
Ashley,Lucas,1520,2025-01-23 11:06:11.257646
Destiny,Gutierrez,9048,2025-01-05 04:34:04.553949
Destiny,Gutierrez,9048,2025-01-01 21:01:24.421449
Scott,Johnson,1225,2025-01-20 16:32:24.802206
Scott,Johnson,4739,2025-01-21 15:31:56.196296
Scott,Johnson,9028,2025-01-19 12:13:49.012722
Deborah,Harris,7921,2025-01-18 13:00:08.679314
Deborah,Harris,9677,2025-01-10 23:59:12.857628
Deborah,Harris,1355,2025-01-25 11:23:50.695620
Alexander,Cole,3590,2025-01-09 21:53:51.935513
Charles,Brooks,2989,2025-01-16 07:28:24.541477
Charles,Brooks,3924,2025-01-20 05:57:35.927531
Charles,Brooks,6070,2025-01-05 20:33:05.918363
Tamara,Obrien,5790,2025-01-02 19:28:47.816730
Mark,Poole,4286,2025-01-30 03:03:44.769088
Mark,Poole,9754,2025-01-10 12:39:04.979474
Mark,Poole,1456,2025-01-05 20:38:15.189859
Christopher,Nguyen,4063,2025-01-07 13:16:27.266849
Christopher,Nguyen,1355,2025-01-13 13:34:09.055545
William,Hayden,2029,2025-01-02 17:20:50.916818
William,Hayden,4286,2025-01-19 08:40:23.475740
William,Hayden,7239,2025-01-30 16:47:46.972432
Sheri,Evans,3349,2025-01-25 20:05:05.593168
Kelsey,Vasquez,5146,2025-01-08 14:10:36.171796
Amanda,Ware,4286,2025-01-25 18:11:48.928914
Amanda,Ware,4936,2025-01-03 00:33:39.578496
Veronica,Leach,1649,2025-01-13 00:02:06.567223
Veronica,Leach,8648,2025-01-25 01:38:19.510015
Veronica,Leach,9677,2025-01-11 10:16:03.970790
Cody,Carey,3924,2025-01-13 00:12:16.766943
Cody,Carey,9708,2025-01-10 13:14:14.966839
Cody,Carey,9708,2025-01-26 16:35:22.139038
Julie,Olsen,4528,2025-01-17 22:16:04.367613
Julie,Olsen,4936,2025-01-14 18:46:16.095410
Stephanie,Collins,7339,2025-01-12 02:53:16.192712
Stephanie,Collins,9961,2025-01-02 23:36:05.874682
Stephanie,Collins,1649,2025-01-26 21:04:47.453202
David,Drake,1456,2025-01-21 23:45:58.561364
David,Drake,5146,2025-01-02 23:51:14.636748
David,Drake,2816,2025-01-19 00:19:54.857428
Jessica,Obrien,9677,2025-01-23 21:59:24.228736
Logan,Welch,9048,2025-01-01 05:19:23.605323
Logan,Welch,2893,2025-01-06 10:56:29.123938
Logan,Welch,3349,2025-01-27 16:51:07.678988
Keith,Powell,705,2025-01-19 17:14:41.682874
Keith,Powell,8687,2025-01-16 22:57:24.991580
Keith,Powell,8687,2025-01-18 08:00:51.496414
Chris,Smith,5146,2025-01-08 16:48:31.582162
Chris,Smith,8648,2025-01-22 23:56:18.863942
Mark,Cruz,2672,2025-01-26 21:07:21.573260
Mark,Cruz,4286,2025-01-19 05:51:00.674754
Matthew,Pitts,705,2025-01-18 11:36:46.957582
Rebecca,Morgan,1225,2025-01-12 04:51:31.936729
Rebecca,Morgan,9048,2025-01-07 13:39:53.325063
Rebecca,Morgan,4286,2025-01-25 02:42:40.504829
Shane,Weber,4739,2025-01-19 02:04:13.477419
Shane,Weber,2893,2025-01-01 03:33:10.851762
Shane,Weber,2672,2025-01-28 03:22:08.856911
Eduardo,Johnson,6070,2025-01-16 01:22:20.046354
Eduardo,Johnson,1355,2025-01-06 13:27:01.942489
Eduardo,Johnson,2816,2025-01-01 11:45:56.363262
Nicholas,Graham,8297,2025-01-06 23:53:37.514932
Donna,Miles,4067,2025-01-26 15:18:43.121629
Jenna,Edwards,7313,2025-01-26 11:14:51.350195
Jenna,Edwards,7313,2025-01-02 20:16:59.364992
David,Cherry,705,2025-01-04 23:22:23.978487
Melinda,Sanchez,5146,2025-01-25 16:47:52.056853
Melinda,Sanchez,2672,2025-01-08 23:50:13.161405
Melinda,Sanchez,1355,2025-01-25 12:07:53.157631
Rebecca,Santos,6991,2025-01-24 06:27:32.773375
Rebecca,Santos,7313,2025-01-02 22:51:27.709138
Rebecca,Santos,4067,2025-01-21 06:23:19.049927
Tina,Bass,7339,2025-01-18 04:44:35.330472
Thomas,Pennington,9028,2025-01-23 04:36:15.664987
Thomas,Pennington,1225,2025-01-01 15:12:48.600609
Thomas,Pennington,4555,2025-01-15 21:28:50.443275
Michael,Joseph,4739,2025-01-23 22:13:31.162429
Michael,Joseph,6070,2025-01-28 04:20:50.428202
Michael,Joseph,4286,2025-01-28 05:11:15.662251
Brian,Nelson,1456,2025-01-05 22:19:26.207552
Charles,Daniel,1649,2025-01-16 07:27:40.174812
William,Jimenez,1224,2025-01-27 06:33:26.243730
William,Jimenez,8952,2025-01-23 18:43:56.394238
William,Jimenez,7591,2025-01-05 16:46:24.754992
Paul,Mccarty,7591,2025-01-16 14:53:21.776232
Paul,Mccarty,5790,2025-01-19 05:33:30.300674
Paul,Mccarty,1456,2025-01-08 22:44:29.687145
Kenneth,Jenkins,705,2025-01-29 08:45:06.464206
Kenneth,Jenkins,9754,2025-01-11 03:31:02.172495
Kenneth,Jenkins,9708,2025-01-12 04:35:44.540251
Monique,Myers,7779,2025-01-23 10:04:41.683303
Monique,Myers,9708,2025-01-15 19:32:21.515858
Robert,Brooks,4528,2025-01-13 12:22:43.862806
Robert,Brooks,2012,2025-01-13 16:28:19.180175
Allison,White,4575,2025-01-10 12:28:30.806596
Allison,White,6070,2025-01-12 07:05:11.037541
James,Sutton,8297,2025-01-12 20:31:22.381887
Monique,Williams,6169,2025-01-29 13:58:59.022467
Monique,Williams,1649,2025-01-13 19:27:25.533138
Catherine,Saunders,7591,2025-01-28 07:52:44.464141
Robert,Johnson,5146,2025-01-18 01:03:55.583516
Cole,Parker,4575,2025-01-05 13:03:18.706293
Cole,Parker,9708,2025-01-06 22:06:25.003149
Mark,Harvey,9754,2025-01-14 11:17:23.842244
Mark,Harvey,1649,2025-01-25 08:15:21.702028
Kathy,Ferguson,9028,2025-01-01 06:08:48.636581
Kathy,Ferguson,1224,2025-01-12 00:26:14.925794
Jessica,Grant,2816,2025-01-11 20:51:07.544331
Jessica,Grant,9028,2025-01-21 21:50:19.340201
Jessica,Grant,1649,2025-01-13 04:51:35.769241
Benjamin,Gonzalez,4739,2025-01-06 23:53:52.437134
Benjamin,Gonzalez,1520,2025-01-21 05:05:46.226135
